Nr,Sektor,Subventionsbezeichnung,Subventionsart,Subventionstatus,Negative_Wirkung,Schwierigkeit,Biodiversitätsschädigender,Budget,,Rechtsgrundlage,Anpassung,Quelle
1,Verkehr,Neubau und Ausbau von Nationalstrassen,Zweckbindung der Verkehrsabgaben,Fehlanreiz,xxx,xx,Vollständig,843.9,"ASTRA, Kantone","BV, Art. 83 - Art. 87","BV, 85 Bst. 2 und Art. 86 anpassen: Zweckbindung aufheben oder Mittel abschöpfen für BD-gerechten Strassenunterhalt und -sanierung",BFS 2020: Infrastrukturrechnung
2,Verkehr,Baulicher Unterhalt von Nationalstrassen,Zweckbindung der Verkehrsabgaben,Fehlanreiz,x,xx,Je nach Umsetzung,779.7,"ASTRA, Kantone","BV, Art. 83 - Art. 87",dito,BFS 2020: Infrastrukturrechnung
3,Verkehr,Neubau und Ausbau von Kantonsstrassen,Zweckbindung der Verkehrsabgaben,Fehlanreiz,xxx,xx,Vollständig,1130.2,"ASTRA, Kantone","BV, Art. 83 - Art. 87

Kantonale Strassenverordnungen","dito
auch Anpassung kantonaler Gesetze ",BFS 2020: Infrastrukturrechnung
4,Verkehr,Baulicher Unterhalt von Kantonsstrassen,Zweckbindung der Verkehrsabgaben,Fehlanreiz,x,xx,Je nach Umsetzung,369.8,"ASTRA, Kantone","BV, Art. 83 - Art. 87

Kantonale Strassenverordnungen","dito
auch Anpassung kantonaler Gesetze ",BFS 2020: Infrastrukturrechnung
5,Verkehr,Neubau und Ausbau von Gemeindestrassen,Zweckbindung der Verkehrsabgaben,Fehlanreiz,xxx,xx,Vollständig,1006.2,"Kantone, Gemeinden",Kantonale Strassenverordnungen,"Betrifft Kantone
Beiträge an Auflagen zur Berück-sichtigung von BD knüpfen (Kan-tonale Strassenverordnungen und kommunale Richtlinien)",BFS 2020: Infrastrukturrechnung
6,Verkehr,Baulicher Unterhalt von Gemeindestrassen,Zweckbindung der Verkehrsabgaben,Fehlanreiz,x,xx,Je nach Umsetzung,238.8,"Kantone, Gemeinden",Kantonale Strassenverordnungen,"Betrifft Kantone
Beiträge an Auflagen zur Berück-sichtigung von BD knüpfen (Kan-tonale Strassenverordnungen und kommunale Richtlinien)",BFS 2020: Infrastrukturrechnung
7,Verkehr,Programm Agglomerationsverkehr,Direkter Geldtransfer,On-Budget,x,xx,Partiell,3'500-4'700,"NAF, Kantone, Gemeinden","NAFG; MinVV, Art. 1, Art. 21, Art. 21a","NAFG; MinVV, Art. 1, Art. 21 und Art. 21a sollen ergänzt werden mit dem Nachweis, dass durch die beantragten/gewährten Beiträge BD nicht geschädigt wird und, falls die Beiträge zusätzlichen Intrastrukturausbau vorantreiben, Ersatzmassnah-men eingeplant werden.  ","Bundesrat (2018), UVEK 2019"
8,Verkehr,Rückerstattung/Vergünstigung der Mineralölsteuer und des Mineralölsteuerzusatzes,Steuer- /Abgabevergünstigung,Off-Budget,x,A,Vollständig ,"1,040.30","allgemeine Bundeskasse (10% NAF, 50% SFSV)",MinöStV;  MinöStG,"MinöStV; MinöStG, Art. 17 Abs.1 Bst. D, e, g, h; Abs. 2, streichen UND: Art. 18 2, 3bis streichen","ASTRA 2014, ASTRA 2016, EZV 2018b und e"
9,Verkehr,Befreiung/Vergünstigung der LSVA/PSVA,Steuer- /Abgabevergünstigung,Off-Budget,o,o,Vollständig ,k.A.,"2/3 Bund, 1/3 Kantone",SVAV; SVAG;  Verkehrsverlagerungsgesetz,SVAV; SVAG; Verkehrsverlagerungsgesetz -> Maximum der erlaubten Abgabe (325 sFr.) ausschöpfen,"EZV 2019b, ARE 2015, Pult 2017"
10,Verkehr,LSVA-Befreiung für Nutzfahrzeuge <3.5 t,Steuer- /Abgabevergünstigung,Off-Budget,x,A,Vollständig ,270,"2/3 Bund, 1/3 Kantone",,SVAV Art. 2 Abs. 1 Gesamtgewicht der abgabepflichtigen LKWs nach Artikel 7 Absatz 4 VTS senken,Bundesrat 2016
11,Verkehr,Quersubventionierung durch pauschale Nationalstrassenabgabe,Quersubventionierung,Implizite Subvention,x,A,Vollständig ,k.A.,allgemeine Bundeskasse (NAF),"NSAV; NSAG, Art. 16 Abs. 2 und Art. 18 Abs. 1","NSAV; NSAG, Art. 16 Abs. 2 und Art. 18 Abs. 1 Umgestalten: Fahrstreckenabhängig ausgestalten","www.ezv.admin.ch, ecoplan 2014a"
12,Verkehr,Erlass CO2-Abgabe,Steuer- /Abgabevergünstigung,Off-Budget,xx,A,Vollständig ,1400.6,allgemeine Bundeskasse,CO2-Gesetz,CO2-Gesetz mit entsprechendem Artikel ergänzen -> Belastung der Treibstoffe mit CO2-Abgabe ,"BAFU 2018, 2019"
13,Verkehr,CO2-Kompensation von fossilen Treibstoffimporten,Eingriffe in Marktmechanismen,Off-Budget,xx,A,Vollständig ,1260,allgemeine Bundeskasse ,"CO2-Verordnung, CO2-Gesetz","CO2-Verordnung, CO2-Gesetz; Erhöhung des zu kompensierenden Anteils und Angleichung des int. CO2-Tonnenpreises des EHS an denjenigen der CO2-Abgabe (Abschöpfung der Differenz)",BAFU 2018
14,Verkehr,Pendlerabzug,Steuer- /Abgabevergünstigung,Off-Budget,xx,A,Vollständig ,1000,"allgemeine Bundeskasse, Kantone, Gemeinde",DBG; Kantonale Steuergesetze,"Betrifft Kantone/Bund
DBG; Kantonale Steuergesetze: Plafonierung in allen Kantonen ODER Abschaffung der Abzugs-möglichkeit auf Bundes- und Kantonsebene","EFV 2018, Regierungsrat des Kantons Zürich (2016), Regierungsrat des Kantons Zürich (2017), Anfrage ESTV Okt. 2019"
15,Verkehr,Vergünstigung der Automobilsteuer,Steuer- /Abgabevergünstigung,Off-Budget,o,o,Vollständig ,k.A.,"Allgemeine Bundeskassen (NAF, SFSV)","AStG; BV, Art. 131 Abs. 1 Bst. d","AStG; BV, Art. 131 Abs. 1 Bst. d: Ausnahmen streichen: Keine Ausnahmen für gewisse Bran-chen (z.B. LW)",ESTV 2018
16,Verkehr,Vergünstigung der kantonalen Motorfahrzeugsteuer,Steuer- /Abgabevergünstigung,Off-Budget,x,A,Vollständig ,k.A.,"Staatskassen, Kantonale Verkehrsfonds",Kantonale Steuergesetze,"Betrifft Kantone
Kantonale Steuergesetze entsprechend anpassen, so dass Steuer fahrstreckenabhängig","ECOPLAN 2014a, BFE 2019"
17,Verkehr,20-40% jährliche Abschreibung des Privatautos in der Vermögenssteuer,Steuer- /Abgabevergünstigung,Off-Budget,o,o,Vollständig ,k.A.,"Kantone, Gemeinden",Kantonale Steuergesetze,"Betrifft Kantone
Anpassung kt. Gesetzgebungen: Abschreibungsmöglichkeit dem tatsächlichen Wertverlust angleichen",
18,Verkehr,Förderung E-mobilität,Direkter Geldtransfer,On-Budget,x,xx,Partiell,k.A.,"Kantone, Gemeinden",k.A.,"Subventionen so ausrichten, dass sie ökologischen Mehrwert erbringen (z.B. nicht als Zweit- oder Drittauto unterstützen oder nur als Ersatz für fossil betriebenes Auto).",BFS 2017c
19,Verkehr,Nicht marktgerechte Parkgebühr öffentlicher Parkplätze,Steuer- / Abgabevergünstigung,Off-Budget,xx,A,Vollständig,k.A.,Gemeinden,k.A.,"Betrifft Kantone/Gemeinden
Kt. Gesetzgebung so anpassen, dass Parkgebühr ab Parkbeginn erhoben werden kann; Erhöhung der Gebühren auf kommunaler Ebene",BFE (2014)
20,Verkehr,Öffentliche Ausgaben für Schienenausbau,Direkter Geldtransfer,On-Budget,xx,A,Partiell,1047.6,BAV,"Verordnung des EFD über die Bemessung der Einlagen in den Bahninfrastrukturfonds; BIFG, Art. 3 Abs. 2 ; EBG, Art. 57 Abs. 1","Verordnung des EFD über die Bemessung der Einlagen in den Bahninfrastrukturfonds; BIFG, Art. 3 Abs. 2; EBG, Art. 57 Abs. 2: anpassen: Auflagen zur Berück-sichtigung von BD","BAV 2019b, BAFU 2017b"
21,Verkehr,Öffentliche Ausgaben für Schienenunterhalt und -erneuerungen,Direkter Geldtransfer,On-Budget,x,xx,Je nach Umsetzung,2140.7,BAV,"Verordnung des EFD über die Bemessung der Einlagen in den Bahninfrastrukturfonds; BIFG, Art. 3 Abs. 2 ; EBG, Art. 57 Abs. 2","Verordnung des EFD über die Bemessung der Einlagen in den Bahninfrastrukturfonds, BIFG, Art. 3 Abs. 2; EBG, Art. 57 Abs. 2: anpassen: Auflagen zur Berück-sichtigung von BD","VöV 2017, EFV 2019, SBB 2017"
22,Verkehr,Abgeltungen Regionaler Personenverkehr,Direkter Geldtransfer,On-Budget,x,o,Partiell,4059,"BAV, Kantone, Gemeinden",PBG; ARPV; VPB,,"VöV 2017, BAV 2019d"
23,Verkehr,Güterverkehr auf Schiene,Abgeltung alpenquerender kombinierter Verkehr (UKV); Schienen-güterverkehr in der Fläche; Güterverkehrsanlagen und technische Neuerungen,On-Budget,o,x,Partiell,192,BAV,,,BFS 2017c
24,Verkehr,Beiträge an Lärmsanierungen,Direkter Geldtransfer,On-Budget,x,x,Je nach Umsetzung,136.4,"ASTRA (Nationalstrassen), BAFU, Kantone, Gemeinden (Kantons- und Gemeindestrassen) ",,Lärmschutz primär über Temporeduktion oder Belagsanpassung/Rollmaterial und beim Errichten von Wänden und Wällen auf Material achten,"BAV 2019b, BAFU 2017b"
25,Verkehr,Mineralölsteuerbefreiung des internationalen Luftverkehrs,Steuer- /Abgabevergünstigung,Off-Budget,xx,A,Vollständig ,1011,"allgemeine Bundeskasse (NAF, SFSV, SFFV)",MinöSt; MinöStG Art. 17 Bst. 2,"MinöSt; MinöStG Art. 17 Bst. 2: Buchstabe 2 a und b streichen. (Chigagoer Abkommen 1974 verbietet scheinbar nicht, auf in der Schweiz getanktem Flug-treibstoff eine Steuer zu erhe-ben.)","EZV 2019a, 2018c, 2018f"
26,Verkehr,Befreiung  CO2-Abgabe für den Luftverkehr,Steuer- /Abgabevergünstigung,Off-Budget,xx,A,Vollständig ,520.4,allgemeine Bundeskasse,CO2-Gesetz,CO2-Gesetz mit entsprechendem Artikel ergänzen,www.bfs.admin.ch -> Treibstoffverbrauch und Schadstoffemissionen
27,Verkehr,Einbinden des Flugverkehrs in das Emissionshandelssystems ,Eingriffe in Marktmechanismen,Off-Budget,x,xxx,Vollständig ,46.4,Bund,CO2-Gesetz; Abkommen zwischen der Schweizerischen Eidgenossenschaft und der Europäischen Union zur Verknüpfung ihrer jeweiligen Systeme für den Handel mit Treibhausgasemissionen,"Angleichen des int. CO2-Preises an die CO2-Abgabe von 96 CHF (Abschöpfen der Differenz
Emissionsberechtigungen für den Flugverkehr sollten nicht kostenlos zugeteilt werden.",BAFU 2019
28,Verkehr,Mehrwertsteuerbefreiung für internationalen (und gewissen inländischen) Flugverkehr,Steuer- /Abgabevergünstigung,Off-Budget,x,A,Vollständig ,50,allgemeine Bundeskasse,"MWSTV, Art. 41

MWSTG, Art. 23 Abs. 4 ","MWSTG, Art. 23 Abs. 4 streichen",ESTV 2011
29,Verkehr,Befreiung Stempelabgabe auf Kaskoversicherungsprämie für Luftfahrzeuge und Schiffe im Ausland,Steuer- /Abgabevergünstigung,Off-Budget,x,A,Vollständig,40,allgemeine Bundeskasse,"StG, Art. 22 Bst. K","StG, Art. 22 Bst. K streichen",ESTV 2011
30,Verkehr,Spezialfinanzierung Luftverkehr,Direkter Geldtransfer,On-Budget,x,A,Partiell,14,"BAZL, Kantone, Gemeinden","MinVG, Art. 37e und f, MinLV Art. 7 ","MinVG, Art. 37e und f, MinLV Art. 7. MinLV Art. 7 Bemessung der Beiträge: Artikel muss nicht angepasst werden, sondern Beitragssumme könnten reduziert werden.","EFV 2018, BFS 2019e"
31,Verkehr,Kantonale und kommunale Beiträge an Fluginfrastruktur,Direkter Geldtransfer,On-Budget,x,A,Partiell,k.A.,"Kantone, Gemeinden",k.A.,"Betrifft Kantone/Gemeinden
Bei Kostenübernahmen der Fluginfrastruktur durch Gemein-de und Kanton soll die Berück-sichtigung der BD als Kriterium der Flughafeninfrastruktur er-stellt werden","Kanton Wallis, Gesetz über den öffentlichen Verkehr (GöV), Art. 10, Absatz 4, INFRAS 2015, Medienmitteilung Regierungsrat Bern, Mai 2019, Gemäss verschiedenen Telefonaten und E-mails mit kantonalen Verkehrs- resp. Wirtschaftsämtern"
32,Verkehr,Externe ökologische  Kosten Strassenverkehr,Externe Kosten,Implizite Subvention,xxx,A,Vollständig ,2640,Allgemeinheit,k.A.,Internalisieren,"BFS (2019a), ecoplan (2019)"
33,Verkehr,Externe ökologische Kosten Schieneverkehr,Externe Kosten,Implizite Subvention,x,A,Vollständig ,162,Allgemeinheit,k.A.,Internalisieren,"BFS (2019a), ecoplan (2019)"
34,Verkehr,Externe ökologische Kosten Luftverkehr,Externe Kosten,Implizite Subvention,xx,A,Vollständig ,772,Allgemeinheit,k.A.,Internalisieren,"BFS (2019a), ecoplan (2019)"
35,LW,Grenzschutz,Eingriffe in Marktmechanismen,Off-Budget,xx,A,Partiell,"3,108.0",KonsumentInnen,"BV, Art. 104
SR 101;
LwG, Art. 1 Bst. e","Aufhebung des Grenzschutzes hätte starke Nachteile für BD (Bewirtschaftungsaufgabe oder starke Intensivierung, Güterzusammenlegungen) => keine Änderung empfohlen",OECD (2019); Dümmler und Roten (2018)
36,LW,Basisbeitrag,Direkter Geldtransfer ,On-Budget,xx,x,Vollständig,745.5,"Bund, BLW","LwG, Art. 72 Abs. 1 a und Abs. 2","LwG, Art. 72 Abs. 1 a und Abs. 2:
- Abs. 1 ergänzen mit Bedingung zu weniger (oder verordnetem Maxmimum ) Stickstoffeintrag pro ha ODER
- Bedingung BD-gerechte Bewirt-schaftung; dann: Abs. 2 modifizie-ren, ODER
- Basisbeitrag nur an Lebensmit-telproduktion für direkten menschlichen Verzehr sowie Milchproduktion",BLW Agrarbericht 2019; Dümmler und Roten (2018)
37,LW,Externe ökologische Kosten Stickstoff ,Externe Kosten,Implizite Subvention,xxx,xx,Vollständig,520.0,Allgemeinheit,Nicht anwendbar,Internalisieren,"European Nitrogen Assessment (ENA) Chapter 22. Costs and benefits of nitrogen in the environment (2011), S. 534; Interpellation 16.3512; Dümmler und Roten (2018)"
38,LW,Externe Kosten Treibhausgase,Externe Kosten,Implizite Subvention,xxx,A,Vollständig,370.8,Allgemeinheit,Nicht anwendbar,Internalisieren,Dümmler und Roten (2018)
39,LW,Weitere Nettoausgaben Kantone,Direkter Geldtransfer ,On-Budget,xx,xx,Partiell,281.6,Kanton,Nicht anwendbar,,Agristat (2017)
40,LW,Verkäsungszulage,Eingriffe in Marktmechanismen,On-Budget,x,xx,Partiell,263.2,"Bund, BLW","LwG, Art. 38","LwG, Art. 38 Abs 2 ergänzen mit Bedingung, dass Zulage nur an Betriebe mit geringer Menge betriebsfremder Futter- und Düngemittel. Auch könnte die Verkäsungszulage zugunsten der Förderung silofreier Milchviehfütterung reduziert werden. ",BLW Agrarbericht 2019; Dümmler und Roten (2018)
41,LW,Externe Kosten Phosphor,Externe Kosten,Implizite Subvention,xx,xxx,Vollständig,200.0,Allgemeinheit,Nicht anwendbar,Internalisieren,Dümmler und Roten (2018)
42,LW,Tierwohl RAUS,Direkter Geldtransfer ,On-Budget,xx,A,Je nach Umsetzung,191.6,"Bund, BLW","BV, Art. 104","BV, Art. 104: An BD-fördernde Auflagen knüpfen",BLW Agrarbericht 2019; Dümmler und Roten (2018)
43,LW,Produktionerschwernisbeitrag,Direkter Geldtransfer ,On-Budget,x,xxx,Je nach Umsetzung,159.4,"Bund, BLW","LwG, Art. 72 ","LwG, Art. 72: An BD-fördernde Auflagen knüpfen",BLW Agrarbericht 2019; Dümmler und Roten (2018)
44,LW,Offenhaltungsbeitrag,Direkter Geldtransfer ,On-Budget,x,xx,Partiell,140.0,"Bund, BLW","BV, Art. 104","BV, Art. 104: An BD-fördernde Auflagen knüpfen",BLW Agrarbericht 2019; Dümmler und Roten (2018)
45,LW,Hangbeitrag,Direkter Geldtransfer ,On-Budget,o,xxx,Je nach Umsetzung,126.6,"Bund, BLW","BV, Art. 104","BV, Art. 104: An BD-fördernde Auflagen knüpfen",BLW Agrarbericht 2019; Dümmler und Roten (2018)
46,LW,Sömmerungsbeitrag,Direkter Geldtransfer ,On-Budget,x,xx,Je nach Umsetzung,125.2,"Bund, BLW","BV, Art. 104","BV, Art. 104: An BD-fördernde Auflagen knüpfen",BLW Agrarbericht 2019; Dümmler und Roten (2018)
47,LW,Übergangsbeitrag,Direkter Geldtransfer ,On-Budget,xx,xx,Partiell,113.8,Bund,"DZV, Kap. 8","DZV, Kap. 8: An BD-fördernde Auflagen knüpfen",BLW Agrarbericht 2019; Dümmler und Roten (2018)
48,LW,Offene Ackerfläche,Direkter Geldtransfer ,On-Budget,x,xx,Je nach Umsetzung,112.6,Bund,"DZV, Art. 42","DZV, Art. 42: An BD-fördernde Auflagen knüpfen",BLW Agrarbericht 2019; Dümmler und Roten (2018)
49,LW,Graslandbasierte Milch- und Fleischproduktion ,Direkter Geldtransfer ,On-Budget,x,xxx,Partiell,110.8,"Bund, BLW","DZV, Art 65","DZV, Art 65: An BD-fördernde Auflagen knüpfen",BLW Agrarbericht 2019
50,LW,Alpungsbeitrag,Direkter Geldtransfer ,On-Budget,x,xx,Je nach Umsetzung,108.5,"Bund, BLW","BV, Art. 104","BV, Art. 104: An BD-fördernde Auflagen knüpfen",BLW Agrarbericht 2019; Dümmler und Roten (2018)
51,LW,Schoggigesetz bzw. Nachfolgelösung seit 2019,Eingriffe in Marktmechanismen,On-Budget,x,A,Je nach Umsetzung,94.6,"Bund, EFD",Schoggigesetzt (ausser Kraft); Bundesgesetz über die Einfuhr von Erzeugnissen aus Landwirtschaftsprodukten ,"Bundesgesetz über die Einfuhr von Erzeugnissen aus Landwirt-schaftsprodukten von 2017. Nur Unterstützung für Produkte ge-währen, die wenn biodiversitäts-fördernd hergestellt.","BLW Agrarbericht 2019, Dümmler und Roten (2018)"
52,LW,Motorfahrzeugsteuer Reduktion,Steuer-/ Abgabevergünstigung,Off-Budget,xx,xxx,Vollständig ,86.4,Kanton,Kantonale Gesetze,"Betrifft Kantone
Kantonale Gesetze anpassen: Steuerbegünstigung aufheben",Dümmler und Roten (2018)
53,LW,Tierwohl BTS,Direkter Geldtransfer ,On-Budget,xx,xxx,Je nach Umsetzung,83.9,"Bund, BLW","BV, Art. 104","BV, Art. 104: An BD-fördernde Auflagen knüpfen",BLW Agrarbericht 2019; Dümmler und Roten (2018)
54,LW,Investitionshilfe für Strukturverbesserung,Direkter Geldtransfer ,On-Budget,xxx,xx,Partiell,82.2,"Bund, Kanton","
LwG, Art. 93 Abs. 1","LwG, Art. 93 Abs. 4 anwenden: Der Bundesrat kann an die Gewährung der Beiträge Voraussetzungen und Auflagen knüpfen. -> BD-förderliche Massnahme als Bedingung einführen: gerade bei Neuverteilung von Flächen wird der BD-Nutzen immer betont: dies soll zur Bedingung der Beiträge gemacht werden.","BLW Agrarbericht 2019, Dümmler und Roten (2018)"
55,LW,Externe Kosten Pestizide,Externe Kosten,Implizite Subvention,xx,x,Vollständig,75.0,Allgemeinheit,Nicht anwendbar,Internalisieren,Infras (2014); Dümmler und Roten (2018)
56,LW,Rückerstattung Mineralölsteuer,Steuer-/ Abgabevergünstigung,Off-Budget,x,x,Vollständig,65.0,Bund,MinöStG; MinöStV,MinöStG; MinöStV. Betriebe mit treibstoffintensiven Kulturen erhalten höhere Rückerstattungbeiträge: diese Kulturen sind auch die intensivsten und BD-belastendsten: diese Kulturen sollen nicht zusätzlich begünstigt werden: ein Angleich der Rückerstattung über alle Kulturen oder Abschaffung.,BLW (2018); Dümmler und Roten (2018)
57,LW,Einzelkulturbeiträge,Direkter Geldtransfer ,On-Budget,x,xx,Je nach Umsetzung,59.6,Bund,"LwG, Art. 54","LwG, Art. 54: An BD-fördernde Auflagen knüpfen",BLW Agrarbericht 2019; Dümmler und Roten (2018)
58,LW,Investionskredite für Strukturverbesserung,Zinsvergünstigungen/-erlasse,Off-Budget,xxx,x,Partiell,56.3,"Bund, BLW","LwG, Art. 78, Art. 87",Siehe oben Strukturverbesserung Nr. 54,"BLW Agrarbericht 2019, Dümmler et al. 2018"
59,LW,Beiträge für Entsorgung tierischer Nebenprodukte,Eingriffe in Marktmechanismen,On-Budget,xx,x,Vollständig,47.3,"Bund, BLW","TSG, Art. 45a","TSG, Art. 45a streichen; gesetzeskonforme Entsorgung ist geregelt, braucht keinen zusätzlichen finanziellen Anreiz",Bundesrat 2009; BLW Agrarbericht 2018; Dümmler und Roten (2018)
60,LW,Reduzierter MWSt. Satz,Steuer-/ Abgabevergünstigung,Off-Budget,xx,xx,Partiell,40.6,Allg. Bundeskasse,"MWSTG, Art. 25 Abs 2","MWSTG, Art. 25 Abs 2: nicht so relevant da i.d.R. als Vorsteuerabzug weitergegeben werden kann.",Interpellation 15.3467; Eigene Berechnungen; Dümmler und Roten (2018)
61,LW,Ausnahme von LSVA,Steuer-/ Abgabevergünstigung,Off-Budget,x,xx,Vollständig,35.0,Bund,"SVAG, Art. 4 Abs. 1 ","SVAG, Art. 4 Abs. 1: ambivalent, da LSVA explizit für alpenquerenden Schwerverkehr. Eine vergleichbare Abgabe wäre denkbar, damit Transporte nicht mit LW-Maschinen durchgeführt werden, um LSVA zu umgehen..",SVAG; Dümmler und Roten (2018)
62,LW,Förderung Tierzucht,Förderprogramme,On-Budget,xx,xxx,Je nach Umsetzung,34.2,"Bund, BLW","LwG, Art. 144 ",LwG Art. 144 ergänzen: nur Zucht von standortangepassten Rassen unterstützen,BLW Agrarbericht 2019; Dümmler und Roten (2018)
63,LW,Absatzförderung Milch,Förderprogramme,On-Budget,xx,A,Partiell,30.0,"Bund, BLW","LwG, Art. 12","LwG, Art. 12 streichen",BLW Agrarbericht 2019; Dümmler und Roten (2018)
64,LW,Zulage bei silofreier Milchviehfütterung,Direkter Geldtransfer ,On-Budget,x,xx,Je nach Umsetzung,29.8,"Bund, BLW","LwG, Art 39",An BD-fördernde Massnahmen knüpfen,BLW Agrarbericht 2019; Vernehmlassung zur Agrarpolitik ab 2022 (AP22+) Akademien der Wissenschaften Schweiz a+ 2019
65,LW,Qualitäts- und Absatzförderung von weiteren Landwirtschaftsprodukten,Förderprogramme (verschiedene),On-Budget,o,A,Partiell,26.9,"Bund, BLW","LwG, Art. 12, LAfV","LwG, Art. 12, LAfV
Keine Förderung biodiversitäts-schädigender Produkte",BLW Agrarbericht 2019; Dümmler und Roten (2018)
66,LW,Hangbeitrag Rebflächen,Direkter Geldtransfer ,On-Budget,x,xxx,Partiell,11.5,"Bund, BLW","BV, Art. 104","BV, Art. 104: An BD-fördernde Auflagen knüpfen",BLW Agrarbericht 2019; Dümmler und Roten (2018)
67,LW,Steillagenbeitrag,Direkter Geldtransfer ,On-Budget,o,xxx,Je nach Umsetzung,11.3,"Bund, BLW","BV, Art. 104","BV, Art. 104: An BD-fördernde Auflagen knüpfen",BLW Agrarbericht 2019; Dümmler und Roten (2018)
68,LW,Landwirtschaftliche Beratung,Eingriffe in Marktmechanismen,Off-Budget,o,x,Je nach Umsetzung,10.8,Bund,"
LwG, Art. 2 e; Art. 113 ","LwG, Art. 2 e; Art. 113: Art. 2 b-bis als Grundlage für die übrigen.
Art. 2 e Bst. 3 ergänzen mit: Sie unterstützen die Ausrichtung der Land- und Ernährungswirtschaft auf eine gemeinsame Qualitätsstrategie UNTER BERÜCKSICHTIGUNG EINER BIODIVERSITÄTSFÖRDERNDEN BEWIRTSCHAFTUNG",BLW Agrarbericht 2019; Dümmler und Roten (2018)
69,LW,Absatzförderung Fleisch/Eier,Förderprogramme,On-Budget,xx,A,Vollständig,7.3,"Bund, BLW","LwG, Art. 12","LwG, Art. 12 streichen",BLW Agrarbericht 2019; Dümmler und Roten (2018)
70,LW,Vollzug Schlachtvieh und Fleisch ,Direkter Geldtransfer ,On-Budget,x,xxx,Vollständig ,6.6,"Bund, BLW","LwG, Art. 51","LwG, Art. 51 streichen","BLW Agrarbericht 2019, Dümmler und Roten (2018)"
71,LW,Finanzierung der Zulassungsevaluation,Eingriffe in Marktmechanismen,On-Budget,xx,xx,Vollständig,6.0,Bund,,Kosten für Zulassung und Monitoring auf Pestizidhersteller überwälzen oder Gebühren für Verkäufer/Verbraucher erheben; evtl. Art. 160 LwG erweitern,"Bossard
(2016)"
72,LW,Marktstützung Fleisch / Einlagerungsbeiträge Kalbfleisch ,Eingriffe in Marktmechanismen,On-Budget,x,xxx,Vollständig,3.7,"Bund, BLW","LwG, Art. 50","LwG, Art. 50 streichen",BLW Agrarbericht 2019; Dümmler und Roten (2018)
73,LW,Administration Milchproduktion und -verwertung,Direkter Geldtransfer ,On-Budget,x,xx,Vollständig,2.7,"Bund, BLW",LwG,Durch vom BLW extern beauftragte Organisationen. Keine biodiversitätsrelevante Handlungsmöglichkeit.,BLW Agrarbericht 2019; Dümmler und Roten (2018)
74,LW,Marktstützung Eier,Eingriffe in Marktmechanismen,On-Budget,x,xxx,Vollständig,1.7,"Bund, BLW","LwG, Art. 52","LwG, Art. 52 streichen",BLW Agrarbericht 2019; Dümmler und Roten (2018)
75,LW-LU,Investitionskredite,Zinsvergünstigungen/-erlasse,Off-Budget,xx,xx,Partiell,0.500,Kanton,Kantonale Richtlinien für die Unterstützung von Strukturverbesserungen (Luzern),,Geschäftsbericht 2018 Landwirtschaftliche Kreditkasse
76,LW-LU,Agrarkredite für bauliche Massnahmen,Direkter Geldtransfer ,On-Budget,x,x,Je nach Umsetzung,14.200,Kanton,Kantonale Richtlinien für die Unterstützung von Strukturverbesserungen (Luzern),,Geschäftsbericht 2018 Landwirtschaftliche Kreditkasse
77,LW-LU,Agrarkredite für gemeinschaftliche Massnahmen,Direkter Geldtransfer ,On-Budget,x,x,Je nach Umsetzung,5.500,Kanton,Kantonale Richtlinien für die Unterstützung von Strukturverbesserungen (Luzern),,Geschäftsbericht 2018 Landwirtschaftliche Kreditkasse
78,LW-LU,Gebirgshilfefonds,Direkter Geldtransfer ,On-Budget,xx,x,Partiell,0.340,Kanton,Kantonale Verordnung über den Gebirgshilfefonds für Strukturverbesserungen (Luzern),,Lotterie-Liste 2018 - Kanton Luzern
79,LW-LU,Beiträge Tierzuchtverbände,Direkter Geldtransfer ,On-Budget,xxx,xx,Vollständig,0.100,Kanton,Kantonale Verordnung über die Verwendung der Lotteriegelder (Luzern),,Lotterie-Liste 2018 - Kanton Luzern
80,LW-LU,Tierseuchenkassenbeitrag,Direkter Geldtransfer ,On-Budget,xxx,xx,Vollständig,1.640,Kanton,Kantonale Tierseuchenverordnung (Luzern),,"Luzerner Tierseuchenverordung Nr 845, Einwohnerzahlen LU"
81,Forstwirtschaft,NFA Programm Schutzwald,Direkter Geldtransfer ,On-Budget,x,xxx,Partiell,182.5,UVEK (BAFU) und alle Kantone,WaG,"WaG
-	Art. 35: mit zusätzlicher Voraussetzung ergänzen: «f) Grundanforderungen an den naturnahen Waldbau eingehalten werden.» (Analog zum Ökologischen Leistungsnachweis in der Landwirtschaft. Die WaV müsste dann diese Grundanforderungen definieren)
- WaV Art 43 Abs1.j. & Übergangsbestimmung zur Änderung vom 17. August 2016 Absatz 2 Wag Art. 37. und WaV: Die Förderung von Erschliessungsanlagen muss sich am Handlungsbedarf orientieren (und nicht wie jetzt am Umfang). Neben der Wirtschaftlichkeit sind dabei auch negative Auswirkungen auf die Artenvielfallt zu minimieren.","BAFU (Hrsg.), 2018: Jahrbuch Wald und Holz 2018. Bundesamt für Umwelt, Bern. Umwelt-Zustand Nr. 1830: 106 S."
82,Forstwirtschaft,NFA Programm Schutzbauten und Gefahrengrundlagen,Direkter Geldtransfer ,On-Budget,x,xxx,Je nach Umsetzung,61.7,UVEK (BAFU) und alle Kantone,WaG,"WaG, Art. 36
-	Allfällige Wertsteigerung von Grundstücken durch Schutzwald (und Auszonung aus Gefahrenzone) sollen abgeschöpft werden.","BAFU (Hrsg.), 2018: Jahrbuch Wald und Holz 2018. Bundesamt für Umwelt, Bern. Umwelt-Zustand Nr. 1830: 106 S."
83,Forstwirtschaft,NFA Programm Waldbewirtschaftung,Direkter Geldtransfer ,On-Budget,xx,xx,Partiell,45.1,UVEK (BAFU) und alle Kantone,WaG,"WaG (Art 35 notwenige Änderungen siehe Programm Schutzwald)
Art 38a Abs 1, g: Dieser Artikel wird wahrscheinlich nicht eingehalten, denn das LFI4 zeigt: mit 59m Wald-strassen pro ha im Mitteland und mit 40m/ha im Jura besteht wohl eine Übererschliessung. In diesen Regionen sollten deshalb keine neuen Waldstrassen mehr gefördert werden (evtl. sollte sogar deren Rückbau finanziert werden). Dies beträfe Verträge zwischen Kanto-nen und Bund.","BAFU (Hrsg.), 2018: Jahrbuch Wald und Holz 2018. Bundesamt für Umwelt, Bern. Umwelt-Zustand Nr. 1830: 106 S."
84,Forstwirtschaft,NFA Weitere Bereiche Forstwirtschaft,Direkter Geldtransfer ,On-Budget,x,xx,Je nach Umsetzung,8.9,UVEK (BAFU) und alle Kantone,WaG,"WaG - NFA Ressourcenpolitik Holz, das Forschungsprogramm Wald und Klimawandel sowie der Waldschutz (Prävention) an BD-Fördernde Kriterien knüpfen","BAFU (Hrsg.), 2018: Jahrbuch Wald und Holz 2018. Bundesamt für Umwelt, Bern. Umwelt-Zustand Nr. 1830: 106 S."
85,Forstwirtschaft,NFA  Forstliche Investitionskredite,Direkter Geldtransfer ,On-Budget,xx,xx,Partiell,1.3,UVEK (BAFU) und alle Kantone,WaG,NFA Investitionskredite an BD-Fördernde Kriterien knüpfen,"BAFU (Hrsg.), 2018: Jahrbuch Wald und Holz 2018. Bundesamt für Umwelt, Bern. Umwelt-Zustand Nr. 1830: 106 S."
86,Forstwirtschaft,Rückerstattung Mineralölsteuer,Steuer-/ Abgabevergünstigungen,Off-Budget,x,A,Partiell,3.2,EFD (EZV),MinöStG,"MinöStV; MinöStG, Art. 17 Abs.1 Bst. d, e, g, h; Abs. 2, streichen UND: Art. 18 2, 3bis streichen","EZV (2019). T2.3 Steuerbegünstigungen, Eidgenössische Zollverwaltung,  S. 2. https://www.ezv.admin.ch/dam/ezv/de/dokumente/abgaben/A%20MML/Min%C3%B6St/t2.3%202018.pdf.download.pdf/T%202.3%202018%20per%20Q4%20deutsch%20mit%20Kommentar.pdf. Zugriff am 17.6.2019"
87,Forstwirtschaft,Defizitgarantie,"Potentieller Geldtransfer (Risikoübernahmen, Defizitgarantien, Kreditbürgschaften etc.)",On-Budget,x,x,Je nach Umsetzung,35,Gemeinden,Keine,"Betrifft Gemeinden
Kommunale Bestimmungen; bei Defiziten prüfen, ob wegen produk-tionsorientierter Holzernte und allenfalls Biodiversitätsförderung ins Zentrum stellen. ","BAFU (Hrsg.), 2018: Jahrbuch Wald und Holz 2018. Bundesamt für Umwelt, Bern. Umwelt-Zustand Nr. 1830: 106 S."
88,Forstwirtschaft,kant. Beiträge an Forstausbildung,Direkter Geldtransfer ,On-Budget,o oder indirekte Wirkung: xx,x,Je nach Umsetzung,2.1,Kantone,Kantonale Regierungsratsbeschlüsse,"WaV, Art 32. Abs 2 a: Ergänzen mit «Erhalt der Habitat- und Artenviel-falt» («im Lichte sämtlicher Wald-funktionen» scheint ungenügend)","BZWL, 2019, https://www.bzwlyss.ch/de/ausbildung/foerster-hf/studienprogramm/studienprogramm.html, Zugriff am 30.9.2019

BZWM, 2019, Broschüre Wald, 20 S.  https://www.ibw.ch/fileadmin/user_upload/customers/ibw/Dokumente/Broschueren/Wald_Holz/ibW_Broschuere_Wald_web.pdf"
89,Energieproduktion,Kostenlose Zuteilung Emissionsrechte,Eingriffe in Marktmechanismen,Off-Budget,x,A,Vollständig ,4.4,Bund ,"CO2-Verordnung, Art. 86 bis 92",CO2-Verordnung: Art. 86 Abs. 2 streichen; Art. 46 Kostenlose Zuteilung von Emissionsrechten streichen (Bei Zuteilungsberechnung werden EU-Vorschriften berücksichtigt).,BAFU 2019b
90,Energieproduktion,Rückerstattung Mineralölsteuer,Steuer- / Abgabevergünstigung,Off-Budget,x,A,Vollständig,k.A.,Bund,,"MinöStV; MinöStG, Art. 17 Abs.1 Bst. D, e, g, h; Abs. 2, streichen UND: Art. 18 2, 3bis streichen","MinöStG, Art. 31"
91,Energieproduktion,Rückerstattung Netzzuschlag ,Steuer- / Abgabevergünstigung,Off-Budget,x,A,Vollständig ,k.A.,Bund,"EnG, Art. 39 bis 43 ;

EnV, Art. 37 bis 49 ","EnG, Art. 39 bis 43; EnV, Art. 37 bis 49; EnG Art. 39 Abs 1 und 2 streichen oder Prozentpunkte der Bruttowertschöpfung erhöhen",BFE 2019g
92,Energieproduktion,Befreiung CO2-Abgabe für WKK-Anlagen,Steuer- / Abgabevergünstigung,Off-Budget,x,A,Vollständig ,k.A.,Bund,CO2-Gesetz,"CO2-Gesetz, Art. 31: Befreiung an Verminderungsziele knüpfen, nicht wirtschaftliche Überlegungen (könnte ebenfalls einfach durch eine Preiserhöhung des CO2-Tonnenpreis ersetzt werden);
Art. 32a: streichen: Befreiung ohne Verminderungspflicht","BfE 2019f, BAFU 2015"
93,Energieproduktion,Programm Kleinwasserkraft,Förderprogramme,On-Budget,xxx,A,Vollständig,k.A.,Bund,"EnG, Art. 10, 11, 13. ","EnG, in Art. 10, 12, 13 BD-Kriterien berücksichtigen: 10: «geeignete Gebiet» auch BD-Eignung erwäh-nen. 12: Abs 5: «Er berück-sichtigt bei der Festlegung (…) sowie die Minimierung der negativen Auswirkun-gen auf Gewässerbiodiver-sität.» 13 Bst. 1: Bst. c anfügen: wenn dadurch BD nicht gefährdet wird. (o.ä.) ",BfE 2019c
94,Energieproduktion,Investitionsbeiträge Kleinwasserkraftwerke,Direkter Geldtransfer ,On-Budget,xxx,A,Vollständig , 29 (gesprochene Beiträge 2018),BFE,EnG; Art. 24 ,"EnG, Art. 24 Abs. 1, Bst. b2. Streichen resp. abändern: «…für ökologische Sanie-rungen bestehender Kraft-werke mit einer Leistung von min. 300 kW»","BFE 2017, EFV 2018"
95,Energieproduktion,Mehrkostenfinanzierung Kleinwasserkraft,Direkter Geldtransfer ,On-Budget,xxx,o,Vollständig ,24,BFE,EnG; Art. 7,EnG; Art. 7: Verträge laufen aus,Pronovo 2019
96,Energieproduktion,Kostendeckende Einspeisevergütung (KEV) KLeinwasserkraft,Direkter Geldtransfer ,On-Budget,xxx,o,Vollständig ,58.9,BFE,,EnG; Art. 7: Verträge laufen aus; kein Handlungsbedarf,"BfE 2018c, ProNovo 2019, Swisssmallhydro 2019"
97,Energieproduktion,Zu hohe Gestehungskosten bei Berechnung der KEV,Direkter Geldtransfer ,On-Budget,xxx,xx,Vollständig ,k.A.,BFE,,Verträge laufen aus; kein Handlungsbedarf,Rieder 2012; Gespräch Vetterli Sept 2019
98,Energieproduktion,Einspeisevergütungssystem (EVS) Kleinwasserkraft,Direkter Geldtransfer ,On-Budget,xx,o,Vollständig ,147.8,BFE,EnG; EnV; EnFV,"EnG; EnV; EnFV:
1. konzessionslose Kraftwerke vom EVS ausschliessen.
2. Vergütung auf effizienteste Kraftwerke reduzieren","BFE 2019b, ProNovo 2019"
99,Energieproduktion,Vom Wettbewerb geschützte Wasserkraft,Eingriffe in Marktmechanismen,Off-Budget,x,xx,Partiell,k.A.,Stromkonsumierende,"EnG, Art. 31","EnG, Art. 31 ",
100,Energieproduktion,Investitionsbeiträge für Grosswasserkraftwerke,Direkter Geldtransfer ,On-Budget,x,xx,Partiell,100 (gesprochene Beiträge 2018),BFE,"EnG, Art. 24","EnG, Art. 30: an BD-fördernde Auflagen knüpfen",Pronovo 2019
101,Energieproduktion,Marktprämie für Grosswasserkraftwerke,Direkter Geldtransfer ,On-Budget,x,xx,Partiell,65.4,BFE,"EnG, Art. 30","EnG, Art. 30: an BD-fördernde Auflagen knüp-fen",BfE 2019k
102,Energieproduktion,Wasserzins,Fehlanreiz,Fehlanreiz,xxx,o,Partiell,550,Wasserkraftwerke,"WZV; BV, Artikel 76; WRG","WZV; BV, Artikel 76; WRG;
WZV ergänzen mit entsprechender Klausel, dass der Zins zu 100 % oder zu xy % für Deckung externer Kosten Wasserkraft verwendet werden soll. Z.B. Wallis kennt Teilzweckbindung für Umweltmassnahmen und Naturgefahren (im Wallis fliesst Wasserzins der Rhone an Kanton und der der Seitengewässer an die Gemeinden)","Bundesrat 2017, Bundesgericht 2012, Gespräch Vetterli Sept 2019"
103,Energieproduktion,Verzicht auf Heimfallverzichtsentschädigung bei Konzessionserneuerung,Steuer- / Abgabevergünstigung,Off-Budget,o (Grosswasserkraft); xx (Kleinwasserkraft),o,Partiell,k.A.,z.B. Kanton Bern,WRG; Versicherungsreglemente GR und VS,"Betrifft Bund/Kantone
WRG; Versicherungsregle-mente GR und VS; nicht auf Heimfallverzichtsentschä-digung verzichten",Gespräch Vetterli Sept 2019
104,Energieproduktion,Zu geringe Deckungspflicht der Haftpflichtversicherung für Stauanlagen,Potentieller Geldtransfer ,Off-Budget,o,o,Partiell,k.A.,"Bund, Kanton",StAG Art. 18 -> Kantonale Versicherungsreglemente,"Betrifft Bund/Kantone
StAG Art. 18 und Kantonale Versicherungsreglemente: In Art. 18 eine mind. Versicherungsdeckung für gros-se Stauanlagen vorschrei-ben, die von den Kantonalen Reglementen über-nommen werden muss/ oder als Leitlinie in Verord-nung",BABs 2015
105,Energieproduktion,Externe Kosten,Externe Kosten,Implizite Subvention,xxx,A,Vollständig ,k.A.,Allgemeinheit,GSchG,Internalisieren,"Mansuhr 1993, Infras, Econcept 1996"
106,Energieproduktion,Programm Suisse Eole,Förderprogramme,On-Budget,x,xx,Partiell,k.A.,BFE,"EnG, Art. 10, 11, 13. ","EnG, Art. 10, 12, 13.
Siehe oben Programm Kleinwasserkraft",www.suisse-eole.ch; www.energieschweiz.ch
107,Energieproduktion,Einspeisevergütungssystem Windkraft,Direkter Geldtransfer ,On-Budget,xx,xx,Je nach Umsetzung,16.4,BFE,EnG,"EnG, Art. 10 Abs. 1 ergänzen mit Beschreibung der «geeigneten Gebiete» als für BD nicht beeinträchtigende Standorte. ",ProNovo 2019
108,Energieproduktion,Mehrkostenfinanzierung Windkraft,Direkter Geldtransfer ,On-Budget,xx,xx,Je nach Umsetzung,0.5,BFE,EnG,"EnG, Art. 10 Abs. 1 ergänzen mit Beschreibung der «geeigneten Gebiete» als für BD nicht beeinträchtigende Standorte. ",ProNovo 2019
109,Energieproduktion,Investitionsbeiträge KVA,Direkter Geldtransfer,On-Budget,x,A,Partiell,<1,BfE,EnG Art. 24 Abs 1 Bst. C UND Art. 27,Verträge laufen aus; kein Handlungsbedarf,EFV 2018: Spezialfinanzierung
110,Energieproduktion,Ökologischer Mehrwert KVA,Eingriffe in Marktmechanismen,Off-Budget,x,A,Partiell,k.A.,Stromkonsumierende,EnG,Ökologischer Mehrwert auf 50 % der Energie nicht gewähren oder nur zu nature-star-made Bedin-gungen zur Reduktion von Abfällen ,BFE 2018b
111,Energieproduktion,Einbindung KVAs in das EHS,Eingriffe in Marktmechanismen,Off-Budget,x,A,Partiell,k.A.,Bund,CO2-Gesetz,Angleichen des int. CO2-Preises an die CO2-Abgabe von CHF 96 (Abschöpfung der Differenz),BAFU 2017
112,Energieproduktion,Treibhausgaskompensation zugunsten der KVAs,Direkter Geldtransfer,Off-Budget,x,A,Partiell,k.A.,KliK,CO2-Gesetz,CO2-Gesetz: KVAs aus Klik-Programm ausschliessen oder nature-star-made-Bedingungen zur Reduktion von Abfällen als Bedingung für Begünstigung,Klik 2019
113,Energieproduktion,Zu geringe Deckungspflicht der Haftpflichtversicherung der Kernkraftwerke,Potentieller Geldtransfer,Off-Budget,x,A,Vollständig ,k.A.,Bund,"KHG, Art. 3 Abs. 1; Art. 12","KHG, Art. 3 Abs. 1; Art. 12: Art. 12 Versicherungsdeckung erhöhen bzw. volle Haftung verlangen",Bericht zum Postulat 11.3356 (2015);  BABS 2003
114,Energieproduktion,Zu niedrige Einlagen für Stilllegung und Entsorgung Kernkraft,Potentieller Geldtransfer,Off-Budget,x,A,Vollständig ,89.3,Bund,"Stilllegungs- und Entsorgungsfondsverordnung, SEFV; KEG","Stilllegungs- und Entsorgungsfondsverordnung, SEFV; KEG; Jahresbeiträge entsprechend erhöhen: Möglichkeiten zum Ring-Fencing unterbinden","UVEK 2018, Bundesrat 2019b, Stenfo 2019"
115,Energiekonsum,CO2-Abgabebefreiung durch Einbinden ins EHS,Steuer-/ Steuer-/ Abgabevergünstigung,Off-Budget,x,A,Vollständig ,399.7,Bevölkerung (Mindereinnahmen der Lenkungsabgabe CO2-Abgabe),CO2-Gesetz; CO2-Verordnung,CO2-Gesetz; CO2-Verordnung: Angleichen des int. CO2-Preises an die CO2-Abgabe von CHF 96  (Abscöpfen der Differenz) ,"BAFU 2018a, 2019a"
116,Energiekonsum,Kostenlose Zuteilung Emissionsrechte,Eingriffe in Marktmechanismen,Off-Budget,x,A,Vollständig ,37.6,Bund , CO2-Verordnung Art. 46,"CO2-Gesetz, Art. 46. Kostenlose Zuteilung von Emissionsrechten streichen","BAFU 2018a, 2019a"
117,Energiekonsum,Rückerstattung Netzzuschlag,Steuer-/ Steuer-/ Abgabevergünstigung,Off-Budget,x,A,Vollständig ,60.8,Bund ,EnG Art. 39 Abs. 1 und 2; EnV Art. 37 1 und 2 ,EnG Art. 39 Abs. 1 und 2 streichen oder Prozentpunkte der Bruttowertschöpfung erhöhen; EnV Art. 37 1 und 2,"BFE 2018, 2019"
118,Energiekonsum,Strommarktliberalisierung für Grosskunden; EVU,Eingriffe in Marktmechanismen,Off-Budget,x,A,Partiell,k.A.,KMU/Haushalte,StromVG,StromVG anpassen (Nicht)Liberalisierung für Gross- wie Kleinkunden,
119,Energiekonsum,CO2-Abgabebefreiung ohne Einbindung in das EHS,Steuer-/ Steuer-/ Abgabevergünstigung,Off-Budget,k.A.,k.A.,Partiell,145,Bund ,CO2-Gesetz; CO2-Verordnung,CO2-Gesetz; CO2-Verordnung: Angleichen des int. CO2-Preises an die CO2-Abgabe von CHF 96 sollte als Anreiz zur Reduktion ausreichen; ansonsten Preis erhöhen statt erlassen.,BAFU 2019d; BAFU 2018b
120,Siedlung,Vergünstigte Kausalabgaben - Beiträge zur Erschliessung neuer oder bestehender Grundstücke,Bereitstellen von Infrastruktur,Off-Budget,xx,A,Partiell,k.A.,Gemeinden,"RPG, Art. 19; WEG, Art. 1 ff., Art. 6 ;VWEG Art. 1; GSchG, Art. 3a und Art. 60a; Perimeterverordnung, PV","Betrifft Bund/Kantone
RPG, Art. 19 und kantonales Recht; WEG, Art. 1 ff., Art. 6; VWEG Art. 1; GSchG, Art. 3a und Art. 60a; Perimeter-verordnung PV.
VWEG Art. 1 in kantonales Recht umset-zen und entsprechend Beiträge der Erschliessung für Grundeigentümer erhöhen  (betrifft nicht alle Kantone).","Studer 2012, 2017"
121,Siedlung,Geringe Mehrwertabgabe,Steuer- / Abgabevergünstigung,Off-Budget,xx,xx,Vollständig ,k.A.,Kantone,RPG Art. 5 Abs. 1bis; RPV,"Betrifft Kantone
RPG Art. 5 Abs. 1bis: Mindestansatz Ausgleich Planungsvorteile realisieren, idealerweise darüber hinausgehen",Espace Suisse 2019; UVEK 2018; Walter 2010
122,Siedlung,Geografisch-topografischer Indikator: Abgeltung für hoch gelegene und kleine Siedlungen,Direkter Geldtransfer,On-Budget,k.A.,xxx,Je nach Umsetzung,180,Bund,"FiLaG, FiLaG","FiLaG: Indikatoren des geografisch-topografisch Lastenausgleichs anpassen; ev. Indikatorengrössen einfrieren mit Referenzjahr, damit Erfüllung Indikatoren nicht durch entsprechende Strukturpolitik. ",EFD 2019; Ecoplan 2013; Kantonale Gesetzgebungen und Verordnungen über den Lastenausgleich
123,Siedlung,Geografisch-topografische Indikatoren: Abgeltungen für kleine/abgelegene/wenig besiedelte Gemeinden,Direkter Geldtransfer,On-Budget,k.A.,xxx,Je nach Umsetzung,>80,"Kanton, Gemeinden",Kantonale Gesetze über den innerkantonalen Finanz und Lastenausgleich,"Betrifft Kantone
Kantonale Gesetze über den innerkantonalen Finanz- und Lastenausgleich anpassen, damit die Indikatoren des topografischen Lastenausgleichs strukturell unbeeinflussbar werden",Kantonale Finanzdepartemente
124,Siedlung,Kantonaler Steuerwettbewerb,Steuer-/ Abgabevergünstigungen,Off-Budget,xx,xxx,Partiell,k.A.,Kantone,Kantonale Steuergesetze,"Betrifft Kantone
Begrenzen",k.A.
125,Siedlung,Abzug von Schuldzinsen und Unterhaltskosten von der Kapitalsteuer,Steuer-/ Abgabevergünstigungen,Off-Budget,x,A,Partiell,k.A.,Kantone,"DBG, Art. 33 Abs. 1","DBG, Art. 33 Abs. 1: Quantifizieren der Steuerausfälle; Abzugsmöglichkeit inkl. 50'000.- streichen","ESTV 2016, Hämmerli 2018"
126,Siedlung,Anrechnen der Kapital- an die Gewinnsteuer,Steuer-/ Abgabevergünstigungen,Off-Budget,k.A.,o,Partiell,k.A.,"direkte Bundessteuer, Kantone",Kantonale Steuergesetze,"Betrifft Kantone
Kantonale Steuergesetze","ESTV 2016, Schweizerische Steuerkonferenz 2019"
127,Siedlung,Steuerliche Erleichterung im Rahmen der NRP,Steuer-/ Abgabevergünstigungen,Off-Budget,x,A,Partiell,958.5,SECO,Bundesgesetz über Regionalpolitik,Bundesgesetz über Regionalpolitik RPG anpassen: Steuererleichterungen an BD-förderliche Massnahmen knüpfen,"SECO 2019, "
128,Siedlung,Gewerbliche Bürgschaftsgenossenschaften: Bürgschaftsbestand mit Flächenrelevanz,Potentieller Geldtransfer ,Off-Budget,x,xxx,Partiell,5.9,SECO,Bundesgesetz über die Finanzhilfen an Bürgschaftsorganisationen für KMU,Bundesgesetz über die Finanzhilfen an Bürgschaftsorganisationen für KMU anpassen: Bürgschaften an BD-förderliche Massnahmen knüpfen,"Subventionsdatenbank des Bundes, BG Mitte 2019"
129,Siedlung,Darlehen für Infrastrukturvorhaben im Rahmen der NRP,Direkter Geldtransfer,Off-Budget,x,xxx,Partiell,k.A.,SECO,Bundesgesetz über Regionalpolitik,Bundesgesetz über Regionalpolitik RPG anpassen: an BD-förderliche Auflagen knüpfen,"Bundesrat 2018, EFV 2019a"
130,Siedlung,Mehrwertsteuerbefreiung für Immobilienkauf/Mieten,Steuer-/ Abgabevergünstigungen,Off-Budget,x,A/xxx,Partiell,k.A.,"direkte Bundessteuer, Kantone","MWSTG, Art. 21 Abs. 2 Bst. 21","MWSTG, Art. 21 Abs. 2 Bst. 21 streichen",MWSTG
131,Siedlung,Bemessung des Eigenmietwertes unter dem Marktwert der Steuerobjekte,Steuer-/ Abgabevergünstigungen,Off-Budget,x,A,Partiell,829,Kantone,DBG; Kantonale Steuergesetze,"Betrifft Bund/Kantone
DBG; Kantonale Steuergesetze: Quantifi-zierung und Untersuchung tatsächlicher Bemessung des Eigenmietwerts",ESV 2015
132,Siedlung,Herabsetzung und Verbilligung z.B. im Falle von Vorzugsmieten,Steuer- / Abgabe-vergünstigung,Off-Budget,x,A,Partiell,k.A.,Kantone,Kantonale Steuergesetze,"Betrifft Kantone
Anpassung kantonaler Steuergesetze: Unternutzungsabzug streichen",Hämmerli 2018
133,Siedlung,Steuerlicher Abzug für Unternutzung von Wohnraum,Steuer- / Abgabe-vergünstigung,Off-Budget,x,A,Partiell,k.A.,Kantone,Kantonale Steuergesetze,"Betrifft Kantone
Anpassung kantonaler Steuergesetze: Differenz zwischen Eigenmietwert und Vorzugsmieten berücksichtigen und ausgleichen ",Hämmerli 2018
134,Siedlung,Abzug Hypothekarzinsen,Steuer-/ Abgabevergünstigungen,Off-Budget,xx,A,Partiell,k.A.,"Direkte Bundessteuer, Kantone",DBG; Kantonale Einkommenssteuergesetze,"Betrifft Bund/Kantone
DBG; Kantonale Einkommenssteuerge-setze
Abschaffen",ESTV 2015
135,Siedlung,Abzug des Baukreditzins von der Einkommens- oder Grundstückgewinnsteuer,Steuer-/ Abgabevergünstigungen,Off-Budget,x,A,Partiell,k.A.,Kantone,Kantonale Steuergesetze,"Betrifft Kantone
Kantonale Steuergesetze
Abschaffen",ESTV 2015
136,Siedlung,Abzüge für die Unterhaltskosten von Liegenschaften im Privatvermögen,Steuer-/ Abgabevergünstigungen,Off-Budget,x,A,Partiell,970-1’109 ,Kantone,Kantonale Steuergesetze,"Betrifft Kantone
Kantonale Steuergesetze
Abzug für Unterhalt sollte abgeschafft werden. ","ESTV 2015, Meldungen aus Umfrage, Walter 2010"
137,Siedlung,,Steuer-/ Abgabevergünstigungen,Off-Budget,x,A,Partiell,k.A.,Kantone,Kantonale Steuergesetze,"Betrifft Kantone
Kantonale Steuergesetze; nach Ver-kehrswert erheben; Bezug Steuerlast – Wohnflächenverbrauch herstellen","ESTV 2019, Walter 2010, ESTV 2015"
138,Siedlung,Abnehmende Grundstückgewinnsteuer mit zunehmender Besitzdauer,Steuer-/ Abgabevergünstigungen,Off-Budget,x,o,Partiell,k.A.,"direkte Bundessteuer, Kantone",Kantonale Steuergesetze,"Betrifft Kantone
Kantonale Steuergesetze; Reduktion bei längerer Besitzdauer reduzieren. (Speku-lationsschutz beibehalten)",ESTV 2015b
139,Siedlung,Zeitliches Aufschieben der Grundstückgewinnsteuer,Steuer-/ Abgabevergünstigungen,Fehlanreiz,x,A,Partiell,k.A.,Kantone,Kantonale Steuergesetze und -verordnungen,"Betrifft Kantone
Kantonale Steuergesetze; Von Steueraufschub bei Reinvestition des Gewinns absehen","ESV 2015: Die Besteuerung der Grundstückgewinne, In: Steuerinformationen, SSK (Hrsg.)"
140,Siedlung,Besteuerung nach dem Aufwand,Steuer-/ Abgabevergünstigungen,Off-Budget,x,A,Partiell,k.A.,Kantone,"DBG, Art. 14; Kantonale Steuergesetze","Betrifft Kantone
Kantonale Steuergesetze",Kantonale Konferenz der Finanzdirektorinnen und Finanzdirektoren KKF 2015
141,Siedlung,Umgehen der Erbsteuer mittels Schenkungssteuer und Nutzniessungsrecht,Steuer-/ Abgabevergünstigungen,Off-Budget,x,A,Partiell,k.A.,"direkte Bundessteuer, Kantone",Kantonale Steuergesetze,"Betrifft Kantone
Kantonale Steuergesetze; Schenkungssteuer der Erbschaftssteuer anpassen",Hämmerli 2018
142,Siedlung,Verbesserung der Wohnverhältnisse in Berggebieten,Direkter Geldtransfer,On-Budget,k.A.,xxx,Je nach Umsetzung,"ca. 2,5",Kantone,Kantonale Gesetze über den sozialen Wohnungsbau und die Verbesserung der Wohnverhältnisse im Berggebiet,"Betrifft Kantone
Kantonale Gesetze über den sozialen Wohnungsbau und die Verbesserung der Wohnverhältnisse im Berggebiet; an Biodiversitätsauflagen knüpfen",Kantonale Jahresrechnungen
143,Sieldung,Steuerabzug Gartenunterhalt,Steuer-/ Abgabevergünstigungen,Off-Budget,x,x ,Partiell,k.A.,Kantone,Kantonale Steuerverordnungen,"Betrifft Kantone
Kantonale Steuergesetze und -verordnungen; abschaffen, reduzieren oder an naturnahe Gartengestaltung knüpfen","Luzerner Steuerbuch 2019, Meldung aus der nationalen Umfrage 2019"
144,Siedlung,Abzüge für energetische Sanierungen der Gebäudehüllen,Steuer-/ Abgabevergünstigungen,Off-Budget,x,xx,Je nach Umsetzung,277-416 ,Kantone,DBG; Kantonale Steuergesetze,"DBG; Kantonale Steuergesetze; an bio-diversitätsfördernde Ersatzmassnahmen binden; auch Wohnflächenverbrauch, Zentrumsnähe knüpfen","ESTV 2015a, ESTV 2011"
145,Siedlung,Beiträge für Wärmedämmung und Sanierung von Gebäudehüllen,Förderprogramme,On-Budget,x,xx,Je nach Umsetzung,124,BFE,EnG; CO2-Gesetz,Beiträge des Gebäudeprogramms an Ersatzmassnahmen knüpfen zum Erhalt von Lebensräumen in Siedlungen  ,
146,Siedlung,Höhere Flächeninanspruchnahme dank energieeffizientem Bauen,Eingriffe in Marktmechanismen,Off-Budget,x,x,Je nach Umsetzung,k.A.,Gemeinden,Kommunale Regelung,"Betrifft Gemeinden
Kommunale Gesetzgebung; an Biodiver-sitätsfördernde Massnahmen knüpfen",Meldung aus der nationalen Umfrage 2019
147,Siedlung,Gemeindebaulandveräusserung unter dem Marktwert,Eingriffe in Marktmechanismen,Off-Budget,x,x,Je nach Umsetzung,k.A.,Gemeinden,Kommunale regelung,"Betrifft Gemeinden
Kommunale Gesetzgebung; an Biodiver-sitätsfördernde Massnahmen knüpfen",Meldung aus der nationalen Umfrage 2019
148,Tourismus,Neue Regionalpolitik (NRP),Direkter Geldtransfer,On-Budget,xx,xx,Partiell,33.6,WBF (SECO)  und Kantone,"Bundesgesetz über Regionalpolitik
","Bundesgesetz über Regi-onalpolitik RPG
Art 4 Abs 2 ergänzen mit: «wenn die lokale Arten- und Lebensraumvielfallt nicht beeinträchtigt wird»","EFV 2019 Staatsrechnung , regiosuisse (2016), Faktenblatt Neue Regionalpolitik (NRP), S.6"
149,Tourismus,Innotour,Direkter Geldtransfer,On-Budget,x,xx,Partiell,6.6,WBF (SECO),"Bundesgesetz über die Förderung von Innovation, Zusammenarbeit und Wissensaufbau im Tourismus","Bundesgesetz über die Förderung von Innovation, Zusammenarbeit und Wissensaufbau im Tourismus
Art 3 ergänzen mit: «wenn die lokale Arten- und Lebensraumvielfallt nicht beeinträchtigt wird»",Subventionsdatenbank: https://www.data.efv.admin.ch/subventionen/d/dokumentation/finanzpolitik_grundlagen/subv/detail_08.php?recordID=66
150,Tourismus,Kredit für die Beherbergungswirtschaft ,Direkter Geldtransfer,Off-Budget,xx,xx,Partiell,3.9,WBF (SECO),Bundesgesetz über die Förderung der Beherbergungswirtschaft,"Bundesgesetz über die Förderung der Beherber-gungswirtschaft
Art 4 Abs 1 b  streichen (d.h. keine Neubauten mehr fördern)","Geshäftsbericht 2018, Schweizerische Gesellschaft für Hotelkredit, 68 S. // Kämpf R. 2013, Die Tourismusstrategie des Bundes, Präsentation,
VSTM Management-Seminar 2013
7. November 2013, 26 S"
151,Tourismus,Reduzierter Mehrwertsteuersatz für Beherbergungsleistungen,Steuer- / Abgabevergünstigung,Off-Budget,x,A,Partiell,200,EFD (EStV),"MWSTG Art. 25, Abs 4 ","MWSTG Art. 25, Abs 4 aufheben
(wurde 2019 um 10 Jahre verlängert)","WAK 2017, Parlamentarische Initiative Mehrwertsteuer. Dauerhafte Verankerung des Sondersatzes für Beherbergungsleistungen Bericht der Kommission für Wirtschaft und Abgaben des Nationalrats, 12 S. https://www.parlament.ch/centers/documents/de/bericht-wak-n-15-410-2017-03-22-d.pdf"
152,Tourismus,Nationale und kantonale Tourismus-Marketingorganisation,Direkter Geldtransfer,On-Budget,x,xxx,Partiell,52.1,WBF (SECO),Bundesgesetz über Schweiz Tourismus ,"Bundesgesetz über Schweiz Tourismus
Art. 1 Abs 2 ergänzen mit: «fördert nachhaltige Entwicklung des touristischen Angebots und die Schonung der landschaftlichen Ressourcen»", Parlamentarische Initiative Mehrwertsteuer. Dauerhafte Verankerung des Sondersatzes für Beherbergungsleistungen. Bericht der Kommission für Wirtschaft und Abgaben des Nationalrats https://www.parlament.ch/centers/documents/de/bericht-wak-n-15-410-2017-03-22-d.pdf
153,Tourismus,Tourismusabgaben,Direkter Geldtransfer,On-Budget,x,xx,Partiell,67,Kantone,Bundesgesetz über Schweiz Tourismus ,"Betrifft Bund/Kantone/Gemeinden
Bundesgesetz über Schweiz Tourismus; kantonale und kommu-nale Bestimmungen
Teil der Einnahmen für biodiversitätsförderliche Massnahmen",Eigene Schätzung auf Grund der Logiernächte.
154,Tourismus,Rückerstattung Mineralölsteuer für Pistenfahrzeuge,Steuer- / Abgabevergünstigung,Off-Budget,x,A,Vollständig ,8.9,EFD (EStV),"MinöStG, Art. 18 1ter","MinöStG, Art. 18 1ter streichen",EZV 2019
155,Tourismus,Beiträge für Sportgrossanlässe und tourismusrelevante Sportinfrastruktur,Direkter Geldtransfer,On-Budget,x,xxx,Partiell,1.2,VBS (BASPO)," Sportförderungsgesetz, SpoFöG","Sportförderungsgesetz SpoFöG
Art 17 mit einem Absatz ergänzen: «Wenn die zusätzlich benötigte Infrastruktur die Land-schaftsqualität nicht beeinträchtigt»","Bundesrat, 2018, Postulates 17.3429 "
156,Tourismus,Reduktion Abgabesatz für Spielbanken,Steuer- / Abgabevergünstigung,Off-Budget,o,x,Partiell,0.9,EFD (EStV),"Spielbankengesetz, SBG","Spielbankengesetz SBG
Art 42 Absatz 1 ergänzen mit: «namentlich zur Förderung der Lebensraum- oder Artenvielfalt»","ESBK (2018), Jahresbericht der Eidgenössischen Spielbankenkommission 2017, 45 S."
157,Abwasser,Nicht Berücksichtigen zukünftiger Investitionen zur Werterhaltung in den Gebühren,Quersubventionierung,Implizite Subvention,x,xx,Partiell,500.0,zukünftige Gebührenzahlende,Kantonale Abwasserreglemente und -richtlinien,"Betrifft Kantone
GschG Art. 3a und GschG Art. 60a durchsetzen und in kantonales Recht übernehmen","VSA 2011; Kanton Luzern, Umwelt und Energie 2019; Baudirektion Kanton Zürich 2007"
158,Abwasser,Verwaltungskosten für Abwasserentsorgung,Fehlende Umsetzung Verursacherprinzip,Implizite Subvention,x,A,Partiell,k.A.,"Bund, Kanton, Gemeinde",GschG,"Betrifft Kantone
GschG Art. 3a und GschG Art. 60a durchsetzen und in kantonales Recht übernehmen",EVF 2019
159,Abwasser,"Externe Kosten durch stoffliche, physikalische und hydraulische Belastung",Externe Kosten,Implizite Subvention,xx,A,Vollständig ,k.A.,Allgemeinheit,k.A.,"Betrifft Bund/Kantone
Aufrüsten kleinerer ARAs oder Anschluss an grössere ARA",BAFU 2016; Bundesrat 2015; Bau- und Umweltschutzdirektion Kanton Baselland 2018
160,Abwasser,Externe Kosten durch Ableiten des Regenwassers aus Siedlungen,Externe Kosten,Implizite Subvention,xx,A,Vollständig,k.A.,Allgemeinheit,k.A.,"Betrifft Gemeinden
Bereitstellen von Infiltrationsflä-chen in Siedlungen",Mutzner 2019; Gespräch mit M. Maurer Nov. 2019
161,Hochwasserschutz,Bundesbeiträge Hochwasserschutz,Direkter Geldtransfer,On-Budget,x,xxx,Partiell,108.8,Bund,Bundesgesetz über den Wasserbau,Konsequente Bindung der Beiträge an Biodiversitätsauf-lagen; Prüfen von über-schwemmungstoleranten Kultu-ren,"Subventionsdatenbank des Bundes, EFV 2018"
162,Hochwasserschutz,Kantonsbeiträge Hochwasserschutz,Direkter Geldtransfer,On-Budget,x,xxx,Partiell,ca. 100,Kantone,Kantonale Wasserbaugesetze,"Betrifft Kantone
Konsequente Bindung der Beiträge an Biodiversitätsauf-lagen; Prüfen von über-schwemmungstoleranten Kultu-ren",Kantonale Jahresrechnungen
163,Hochwasserschutz,Baulanderschliessung durch Auszonung aus Gefahrenzone,Bereitstellen von Infrastruktur,Implizite Subvention,x,A,Je nach Umsetzung,k.A.,"BAFU, Kantone, Gemeinden",Kantonale Bauverordnungen,Keine Ausnahmebewilligung für Bauten in roter Gefahrenzone; Verlegen von (unbewohnten) Gebäuden als Hochwasser-schutzmassnahme anerkennen,
,Fehlanreiz auf Gesetzesebene,,,Implizite Subvention,,,,,,,,
166,Hochwasserschutz,"Kulturlandschutz, Siedlungsschutz","Erhalt eines fixen, engen Gewässerraumes",,xx,xx,Vollständig ,k.A.,"Bund, Kanton, Gemeinde","RPG, Art. 3, Abs. 2a; GSchG, Art. 36a",,
167,Energieproduktion,Wohlerworbene Rechte,Fehlanreiz auf Gesetzesebene,,xxx,A,Vollständig,k.A.,Biodiversität,WRG,,Gespräch mit L. Vetterli September 2019; Parlamentarische Anfrage Fässler-Osterwalder 2008; Vasella und Vasella 2019
168,Energieproduktion,Konzessionslose Nutzung,Fehlanreiz auf Gesetzesebene,,xxx,A,Vollständig ,k.A.,"Kanton, Gemeinden","WRG, Art. 43",,"Bütler und Riva 2017, Gespräch mit L. Vetterli September 2019, Bundesgerichtsurteil 29. März 2019, Absatz 6.5"
169,Energieproduktion,Attestierung von Nationalem Interesse,Fehlanreiz auf Gesetzesebene,,xxx,A,Vollständig,k.A.,Biodiversität,EnV,,Aqua Viva 2017
170,Energieproduktion,Restwassersanierung,Fehlanreiz auf Gesetzesebene,,k.A.,k.A.,Vollständig ,~100 (einmalig); ~1jährlich,"Kanton Tessin, Bund",Aussergerichtliche Einigung zwischen Kanton und Betreiberfirmen 1983,,Consiglio di Stato della Repubblica e Cantone Ticino (2018)
171,Energieproduktion,Ist-Referenzzustand bei Konzessionsvergabe,Fehlanreiz auf Gesetzesebene,,xxx,A,Vollständig ,k.A.,Allgemeinheit,Anpassung von Art.58a Abs. 5 des WRG,,
172,Verkehr,Bau von Strassenklassen ohne UVP,Fehlanreiz auf Gesetzesebene,,x,A,Vollständig,k.A.,Allgemeinheit,UVPV Anhang 1. 11,,UVPV
